﻿--
-- Script was generated by Devart dbForge Data Generator for MySQL, Version 2.0.19.0
-- Product Home Page: http://www.devart.com/dbforge/mysql/data-generator
-- Script date 2018-06-02 01:18:30
-- Target server version: 5.7.22-0ubuntu0.16.04.1
-- Target connection string: User Id=bor;Host=104.196.102.191;Character Set=utf8
--



SET NAMES 'utf8';
USE borowik;
--
-- Delete data from the table 'hibernate_sequence'
--
TRUNCATE TABLE hibernate_sequence;
--
-- Delete data from the table 'drivers'
--
TRUNCATE TABLE drivers;
--
-- Delete data from the table 'courses'
--
TRUNCATE TABLE courses;
--
-- Delete data from the table 'cars'
--
TRUNCATE TABLE cars;

--
-- Inserting data into table cars
--
INSERT INTO cars(id, bulletproof, model, plates_number) VALUES
(1, False, 'Audi A8', 'WW81512'),
(2, False, 'Skoda Superb', 'WW93569'),
(3, False, 'BMW 750', 'WW33928'),
(4, True, 'BMW 750', 'WW99373'),
(5, False, 'Maybach S600', 'WW43417'),
(6, True, 'BMW 750', 'WW96167'),
(7, False, 'Skoda Superb', 'WW56496'),
(8, True, 'Skoda Superb', 'WW43139'),
(9, False, 'Skoda Superb', 'WW14354'),
(10, False, 'Maybach S600', 'WW56008'),
(11, True, 'Maybach S600', 'WW59494'),
(12, False, 'Skoda Superb', 'WW49039'),
(13, False, 'Skoda Superb', 'WW48580'),
(14, True, 'Skoda Superb', 'WW38179'),
(15, False, 'Maybach S600', 'WW12164'),
(16, True, 'Audi A8', 'WW86770'),
(17, True, 'Audi A8', 'WW08384'),
(18, False, 'BMW 750', 'WW81877'),
(19, True, 'BMW 750', 'WW51762'),
(20, True, 'BMW 750', 'WW28780');

--
-- Inserting data into table courses
--
INSERT INTO courses(id, finish_date, start_date, vip_name, car_id, driver_id) VALUES
(1, '2018-06-03 20:00:00', '2018-06-03 14:10:00', 'Jamison Lister', 10, 3),
(2, '2018-06-02 16:00:00', '2018-06-02 07:00:00', 'Hilton Wharton', 12, 2),
(3, '2018-06-03 18:40:00', '2018-06-03 10:00:00', 'Ferne Escobedo', 6, 1),
(4, '2018-06-04 15:00:00', '2018-06-04 11:10:00', 'Allen Culp', 2, 4),
(5, '2018-06-02 14:00:00', '2018-06-02 10:00:00', 'Damian Doll', 1, 5),
(6, '2018-06-02 22:50:00', '2018-06-02 20:00:00', 'Ferne Escobedo', 16, 6),
(7, '2018-06-02 16:00:00', '2018-06-02 07:15:00', 'Allen Culp', 7, 7),
(8, '2018-06-03 15:00:00', '2018-06-03 08:00:00', 'Charles Hendrickson', 7, 8),
(9, '2018-06-03 09:00:00', '2018-06-03 05:00:00', 'Shirley Quick', 5, 9),
(10, '2018-06-02 23:00:00', '2018-06-02 19:30:00', 'Les Atwell', 17, 10),
(11, '2018-06-02 20:00:00', '2018-06-02 10:00:00', 'Jamison Lister', 14, 11),
(12, '2018-06-03 20:00:00', '2018-06-03 10:00:00', 'Hilton Wharton', 5, 12),
(13, '2018-06-03 21:00:00', '2018-06-03 15:25:00', 'Ferne Escobedo', 18, 13),
(14, '2018-06-02 20:00:00', '2018-06-02 17:00:00', 'Brant Correia', 3, 14),
(15, '2018-06-02 11:40:00', '2018-06-02 08:00:00', 'Les Atwell', 11, 15),
(16, '2018-06-04 21:00:00', '2018-06-04 16:45:00', 'Edwin Alicea', 2, 1),
(17, '2018-06-04 15:00:00', '2018-06-04 07:00:00', 'Edwin Alicea', 15, 2),
(18, '2018-06-02 23:00:00', '2018-06-02 21:00:00', 'Brant Correia', 6, 3),
(19, '2018-06-03 20:00:00', '2018-06-03 10:00:00', 'Shirley Quick', 6, 4),
(20, '2018-06-02 23:00:00', '2018-06-02 20:20:00', 'Shirley Quick', 10, 5),
(21, '2018-06-03 10:50:00', '2018-06-03 07:00:00', 'Jamison Lister', 3, 6),
(22, '2018-06-04 17:00:00', '2018-06-04 10:05:00', 'Hilton Wharton', 8, 7),
(23, '2018-06-04 20:00:00', '2018-06-04 16:00:00', 'Ferne Escobedo', 12, 8),
(24, '2018-06-02 16:00:00', '2018-06-02 10:15:00', 'Brant Correia', 2, 9),
(25, '2018-06-03 16:00:00', '2018-06-03 13:00:00', 'Les Atwell', 3, 10),
(26, '2018-06-03 18:00:00', '2018-06-03 08:0:00', 'Edwin Alicea', 19, 11),
(27, '2018-06-04 15:20:00', '2018-06-04 08:00:00', 'Charles Hendrickson', 3, 12),
(28, '2018-06-04 15:00:00', '2018-06-04 08:00:00', 'Shirley Quick', 16, 13),
(29, '2018-06-04 10:00:00', '2018-06-04 06:00:00', 'Allen Culp', 10, 14),
(30, '2018-06-03 16:00:00', '2018-06-03 07:00:00', 'Damian Doll', 8, 15),
(31, '2018-06-02 21:30:00', '2018-06-02 20:00:00', 'Jamison Lister', 15, 1),
(32, '2018-06-03 15:00:00', '2018-06-03 07:10:00', 'Ferne Escobedo', 9, 2),
(33, '2018-06-04 19:00:00', '2018-06-04 17:00:00', 'Hilton Wharton', 17, 3),
(34, '2018-06-03 20:00:00', '2018-06-03 13:00:00', 'Brant Correia', 4, 6),
(35, '2018-06-04 14:40:00', '2018-06-04 11:00:00', 'Damian Doll', 4, 5),
(36, '2018-06-03 23:00:00', '2018-06-03 20:00:00', 'Edwin Alicea', 20, 4),
(37, '2018-06-03 21:35:00', '2018-06-03 17:30:00', 'Allen Culp', 8, 7),
(38, '2018-06-02 21:00:00', '2018-06-02 17:00:00', 'Charles Hendrickson', 2, 13),
(39, '2018-06-04 21:30:00', '2018-06-04 16:00:00', 'Shirley Quick', 20, 9),
(40, '2018-06-03 20:00:00', '2018-06-03 10:00:00', 'Les Atwell', 14, 10),
(41, '2018-06-02 23:30:00', '2018-06-02 23:00:00', 'Jamison Lister', 2, 11),
(42, '2018-06-04 22:00:00', '2018-06-04 19:00:00', 'Hilton Wharton', 3, 12),
(43, '2018-06-04 15:00:00', '2018-06-04 10:10:00', 'Ferne Escobedo', 10, 8),
(44, '2018-06-04 16:50:00', '2018-06-04 11:00:00', 'Brant Correia', 17, 14),
(45, '2018-06-04 17:00:00', '2018-06-04 07:30:00', 'Les Atwell', 14, 15),
(46, '2018-06-04 20:00:00', '2018-06-04 17:00:00', 'Allen Culp', 4, 2),
(47, '2018-06-02 10:00:00', '2018-06-02 06:00:00', 'Damian Doll', 20, 8),
(48, '2018-06-02 17:00:00', '2018-06-02 14:00:00', 'Charles Hendrickson', 1, 3),
(49, '2018-06-02 20:00:00', '2018-06-02 08:00:00', 'Shirley Quick', 13, 4),
(50, '2018-06-03 18:45:00', '2018-06-03 11:00:00', 'Damian Doll', 2, 5);

--
-- Inserting data into table drivers
--
INSERT INTO drivers(id, name) VALUES
(1, 'Norris Calderon'),
(2, 'Aileen Pitts'),
(3, 'Alaine Hickey'),
(4, 'Trey Christopher'),
(5, 'Monroe Gatewood'),
(6, 'Adolfo Parks'),
(7, 'Waltraud Lerma'),
(8, 'Clair Montes'),
(9, 'Lyndsay Biggs'),
(10, 'Candice Houser'),
(11, 'Buena Abreu'),
(12, 'Kourtney Flood'),
(13, 'Minta Caruso'),
(14, 'Hailey Cardwell'),
(15, 'Bonita Draper');

--
-- Inserting data into table hibernate_sequence
--
INSERT INTO hibernate_sequence(next_val) VALUES
(51),
(51),
(51);